{"h1_s1_h3":"ovs-ofctl add-flow s1 dl_src=00:00:00:00:00:01,dl_dst=00:00:00:00:00:03,actions=output:13",
"h1_s1_h4":"ovs-ofctl add-flow s1 dl_src=00:00:00:00:00:01,dl_dst=00:00:00:00:00:04,actions=output:13",
"h1_s1_WebServer":"ovs-ofctl add-flow s1 dl_src=00:00:00:00:00:01,dl_dst=00:00:00:00:00:11,actions=output:13",
"h1_s1_IPTV":"ovs-ofctl add-flow s1 dl_src=00:00:00:00:00:01,dl_dst=00:00:00:00:00:12,actions=output:13",
"h2_s1_h3":"ovs-ofctl add-flow s1 dl_src=00:00:00:00:00:02,dl_dst=00:00:00:00:00:03,actions=output:13",
"h2_s1_h4":"ovs-ofctl add-flow s1 dl_src=00:00:00:00:00:02,dl_dst=00:00:00:00:00:04,actions=output:13",
"h2_s1_WebServer":"ovs-ofctl add-flow s1 dl_src=00:00:00:00:00:02,dl_dst=00:00:00:00:00:11,actions=output:13",
"h2_s1_IPTV":"ovs-ofctl add-flow s1 dl_src=00:00:00:00:00:02,dl_dst=00:00:00:00:00:12,actions=output:13",
"h3_s2_h1":"ovs-ofctl add-flow s2 dl_src=00:00:00:00:00:03,dl_dst=00:00:00:00:00:01,actions=output:13",
"h3_s2_h2":"ovs-ofctl add-flow s2 dl_src=00:00:00:00:00:03,dl_dst=00:00:00:00:00:02,actions=output:13",
"h3_s2_WebServer":"ovs-ofctl add-flow s2 dl_src=00:00:00:00:00:03,dl_dst=00:00:00:00:00:11,actions=output:13",
"h3_s2_IPTV":"ovs-ofctl add-flow s2 dl_src=00:00:00:00:00:03,dl_dst=00:00:00:00:00:12,actions=output:13",
"h4_s2_h1":"ovs-ofctl add-flow s2 dl_src=00:00:00:00:00:04,dl_dst=00:00:00:00:00:01,actions=output:13",
"h4_s2_h2":"ovs-ofctl add-flow s2 dl_src=00:00:00:00:00:04,dl_dst=00:00:00:00:00:02,actions=output:13",
"h4_s2_WebServer":"ovs-ofctl add-flow s2 dl_src=00:00:00:00:00:04,dl_dst=00:00:00:00:00:11,actions=output:13",
"h4_s2_IPTV":"ovs-ofctl add-flow s2 dl_src=00:00:00:00:00:04,dl_dst=00:00:00:00:00:12,actions=output:13",
"WebServer_s3_h1":"ovs-ofctl add-flow s3 dl_src=00:00:00:00:00:11,dl_dst=00:00:00:00:00:01,actions=output:11",
"WebServer_s3_h2":"ovs-ofctl add-flow s3 dl_src=00:00:00:00:00:11,dl_dst=00:00:00:00:00:02,actions=output:11",
"WebServer_s3_h3":"ovs-ofctl add-flow s3 dl_src=00:00:00:00:00:11,dl_dst=00:00:00:00:00:03,actions=output:12",
"WebServer_s3_h4":"ovs-ofctl add-flow s3 dl_src=00:00:00:00:00:11,dl_dst=00:00:00:00:00:04,actions=output:12",
"IPTV_s3_h1":"ovs-ofctl add-flow s3 dl_src=00:00:00:00:00:12,dl_dst=00:00:00:00:00:01,actions=output:11",
"IPTV_s3_h2":"ovs-ofctl add-flow s3 dl_src=00:00:00:00:00:12,dl_dst=00:00:00:00:00:02,actions=output:11",
"IPTV_s3_h3":"ovs-ofctl add-flow s3 dl_src=00:00:00:00:00:12,dl_dst=00:00:00:00:00:03,actions=output:12",
"IPTV_s3_h4":"ovs-ofctl add-flow s3 dl_src=00:00:00:00:00:12,dl_dst=00:00:00:00:00:04,actions=output:12",
"h1_s3_h3":"ovs-ofctl add-flow s3 dl_src=00:00:00:00:00:01,dl_dst=00:00:00:00:00:03,actions=output:12",
"h1_s3_h4":"ovs-ofctl add-flow s3 dl_src=00:00:00:00:00:01,dl_dst=00:00:00:00:00:04,actions=output:12",
"h2_s3_h3":"ovs-ofctl add-flow s3 dl_src=00:00:00:00:00:02,dl_dst=00:00:00:00:00:03,actions=output:12",
"h2_s3_h4":"ovs-ofctl add-flow s3 dl_src=00:00:00:00:00:02,dl_dst=00:00:00:00:00:04,actions=output:12",
"h3_s3_h1":"ovs-ofctl add-flow s3 dl_src=00:00:00:00:00:03,dl_dst=00:00:00:00:00:01,actions=output:11",
"h3_s3_h2":"ovs-ofctl add-flow s3 dl_src=00:00:00:00:00:03,dl_dst=00:00:00:00:00:02,actions=output:11",
"h4_s3_h1":"ovs-ofctl add-flow s3 dl_src=00:00:00:00:00:04,dl_dst=00:00:00:00:00:01,actions=output:11",
"h4_s3_h2":"ovs-ofctl add-flow s3 dl_src=00:00:00:00:00:04,dl_dst=00:00:00:00:00:02,actions=output:11"}


